Metric,Standard Boxes (Baseline),AI-Optimized Custom-Fit,Reduction/Improvement (%)
Packaging Waste (cm^3),44328.08359125,13767.081863750002,68.94275423522367
Packaging Cost (currency),460.627892606125,399.505889151125,13.269279701927289
Carbon Emission (kg CO2),115.15697315153125,99.87647228778125,13.269279701927289
Box Surface Area (cm^2),16337.44686375,14255.554863750003,12.743068224566706
Volume Utilization (%),48.956636856394944,74.25536170534119,51.67578182127844
